{"cameraMode":{"drawMode":0,"name":"Shaded","section":"Shading Mode"},"sceneLighting":false,"audioPlay":false,"sceneViewState":{"showFog":true,"showMaterialUpdate":false,"showSkybox":false,"showFlares":true,"showImageEffects":true,"showParticleSystems":true},"in2DMode":false,"pivot":{"x":1.512603759765625,"y":-1.9589447975158692,"z":-0.5887889862060547},"rotation":{"x":0.06403804570436478,"y":0.9277088046073914,"z":-0.18787090480327607,"w":0.3161936402320862},"size":5.820153713226318,"orthographic":false}